job_id,skill
5901424887,Power BI
5903927781,Machine Learning
5891226525,SQL
5891226525,Python
5819873638,Excel
5868120206,SQL
5850375334,Statistics
5850375334,Tableau
5850375334,SQL
5850375334,Python
5902511235,SQL
5903790480,Excel
5503836577,SQL
5503836577,Python
5831395731,Tableau
5831395731,SQL
4993547435,Python
5893825602,SQL
2500155500,Tableau
2500155500,SQL
2500155500,Python
2247134476,SQL
2247134476,Python
5727143467,SQL
5727143467,Python
5336689191,Tableau
5832798180,Excel
5832798180,Tableau
5832798180,SQL
5832798180,Power BI
5832798180,Python
5832798159,Excel
5832798159,Tableau
5832798159,SQL
5832798159,Power BI
5832798159,Python
5832798167,Excel
5832798167,Tableau
5832798167,SQL
5832798167,Power BI
5832798167,Python
5832798187,Excel
5832798187,Tableau
5832798187,SQL
5832798187,Power BI
5832798187,Python
5832798181,Excel
5832798181,Tableau
5832798181,SQL
5832798181,Power BI
5832798181,Python
5832798158,Excel
5832798158,Tableau
5832798158,SQL
5832798158,Power BI
5832798158,Python
2449398766,SQL
5728445327,Excel
5728445327,SQL
5728445327,Power BI
2890608757,Azure
2890608757,Spark
2890608757,SQL
4686704927,R
5877842241,Excel
5877842241,R
5877842241,SQL
5877842241,Python
2403881225,Machine Learning
4715697356,Excel
4715697356,Spark
4715697356,Hadoop
4715697356,SQL
4715697356,Python
5800765376,Excel
5800765376,Statistics
5800765376,Tableau
5800765376,Power BI
5814494533,Spark
5814494533,Hadoop
5814494533,SQL
5814494533,Python
5681009000,SQL
5681009000,Python
5857746715,Tableau
5857746715,Power BI
5768623778,SQL
5762286343,Excel
5762286343,SQL
5762286343,Power BI
5762286343,Python
5842590109,Machine Learning
5789394746,R
2853928118,Statistics
2853928118,SQL
2853928118,Python
5850376089,Power BI
5522126592,Hadoop
5728267279,Excel
5904043760,SQL
5904043760,Power BI
5859122688,SQL
5859122647,SQL
5889085236,Power BI
2830210287,SQL
2830210287,Python
5895065880,R
5861219353,Power BI
5861965986,Power BI
2953661450,Excel
2953661450,Tableau
2953661450,SQL
2953661450,Power BI
2177266370,Excel
2177266370,Tableau
2177266370,Power BI
5607196899,Spark
5607196899,SQL
5607196899,Power BI
5520630121,SQL
3679469504,R
3679469504,Statistics
3679469504,SQL
3679469504,Python
4988851226,Azure
4988851226,GCP
4988851226,SQL
4988851226,Python
4988851226,AWS
2398472037,Excel
2631733820,R
2631733820,Python
1171507526,Excel
1171507526,R
1171507526,SQL
1171507526,Python
1186010488,SQL
1186010488,Python
2577819167,SQL
2653476396,SQL
3189580389,Excel
3189580389,SQL
3189580389,Python
3189580389,AWS
1422966819,SQL
1422966819,Python
5604419908,Excel
5604419908,SQL
5211779275,Tableau
5211779275,SQL
5211779275,Power BI
5211779275,Python
5531896486,Excel
5531896486,SQL
5294954886,Excel
5294954886,SQL
4282822424,SQL
4282822424,Python
5850376549,Tableau
5850376549,SQL
5850376549,Python
5782538634,SQL
5782538634,Power BI
5839221139,Excel
5839221139,Tableau
5860541729,Excel
5860541729,Tableau
5860541729,SQL
5860541729,Python
5879144086,Excel
5879144086,SQL
5879144086,Python
5894639200,Excel
5894639200,Tableau
5894639200,SQL
5894639200,Power BI
5902912355,SQL
5902918148,Excel
4686707449,Excel
4686705015,R
5728422548,Excel
5728422548,Tableau
4686707835,Excel
4686707835,SQL
4686707833,SQL
4686707833,Python
5727264729,Tableau
5727264729,SQL
5727264729,Power BI
5727264729,Python
5903559901,Excel
5859054156,SQL
5892808458,SQL
5889347971,SQL
4739597153,Excel
5727816928,Statistics
5761791107,Azure
5257287584,SQL
5877283849,Python
5831401587,SQL
5899834139,Excel
5876949352,SQL
5876949352,Databricks
5759043518,Tableau
5759043518,SQL
5759043518,Power BI
5861221729,SQL
5861221729,Power BI
5861221729,Python
4928060322,SQL
4928060322,Power BI
5903790561,Tableau
5903790561,SQL
5903790561,Power BI
5903790561,Python
5775399105,Tableau
5775399105,SQL
5775399105,Power BI
5830641274,Excel
5830641274,Power BI
3529447917,Excel
5859122619,SQL
5859122619,Python
5859122606,SQL
5859122606,Python
5594451979,Snowflake
5594451979,SQL
5796209691,Snowflake
5796209691,SQL
5854877634,Hadoop
5854877634,SQL
5857745620,SQL
5857745620,Power BI
5857745620,Python
5867249928,Snowflake
5867249928,SQL
5634174711,SQL
5859122691,SQL
5859122632,SQL
5899555688,SQL
5887951604,Excel
5851141530,Statistics
5897038773,Power BI
5850636017,Statistics
5836839248,Power BI
5856447389,R
5856447374,R
5872786182,R
5872786172,R
1171507819,Spark
1171507819,SQL
1171507819,Python
3138985665,SQL
4397462772,Excel
4397462772,Python
5832798136,Excel
5832798136,R
5832798136,Statistics
5832798136,Tableau
5832798136,SQL
5832798136,Python
5832798138,Excel
5832798138,R
5832798138,Statistics
5832798138,Tableau
5832798138,SQL
5832798138,Python
5832798151,Excel
5832798151,R
5832798151,Statistics
5832798151,Tableau
5832798151,SQL
5832798151,Python
5859124426,Tableau
5861793318,R
5861793318,Snowflake
5861793318,SQL
5861793318,Power BI
5861793318,Python
5869814078,Machine Learning
5869814078,SQL
5869814078,Python
5869814078,AWS
5814393049,Machine Learning
5877847628,Tableau
5903326187,GCP
5903326187,Spark
5903326187,Hadoop
5887946461,SQL
5887946461,Python
5458953672,Spark
5458953672,Hadoop
5458953672,SQL
5824131818,Python
5870122609,SQL
5870122610,SQL
5869814087,Machine Learning
5869814087,SQL
5869814087,Python
5869814087,AWS
5756181759,Power BI
5885451003,Tableau
5883377937,Statistics
5858131069,Excel
5858131069,SQL
5858131069,Python
5333342202,Machine Learning
5333342202,Tableau
5333342202,Python
5161304220,Excel
5874224174,Machine Learning
5728314973,Excel
5728314973,Power BI
5877844187,Tableau
5877844187,Power BI
5841929681,Databricks
5843994207,Databricks
5843994203,Databricks
5249443156,Excel
5675503461,R
5205499598,R
5890494495,SQL
5901707785,Machine Learning
5890240441,Machine Learning
5789372931,R
1714383026,Power BI
4801471014,Excel
4801471014,GCP
4801471014,Spark
4801471014,Hadoop
4801471014,Power BI
4801471014,Python
4801471014,AWS
5543913591,Excel
5543913591,SQL
3949357016,SQL
3949357016,Python
5394067861,R
5394067861,Python
5805535278,Machine Learning
5832798139,Tableau
5832798139,SQL
5849678027,Excel
5849678027,GCP
5849678027,Spark
5849678027,Hadoop
5849678027,Power BI
5849678027,Python
5849678027,AWS
5850339738,Machine Learning
